response_id,sentiment_score,word_count,Ppron,Inhib,Space,Filler,Ipron,Time,Humans,SheHe,Percept,Verbs,Quant,Body,Relativ,Nonflu,AuxVb,Cause,Sexual,Relig,Bio,Tentat,Incl,Leisure,Prep,Health,I,Hear,They,Posemo,Affect,Excl,Discrep,Present,CogMech,Death,Work,We,Ingest,Motion,Negate,Achiev,Swear,Social,Friends,Family,Pronoun,Funct,Feel,Money,Insight,Assent,Sad,Past,See,Future,Adverbs,Numbers,Certain,Anger,Home,Conj,Anx,Negemo,You,Article
0,5.723532741317206,23,0.0,0.0,0.16666666666666666,0.0,0.05555555555555555,0.0,0.0,0.0,0.05555555555555555,0.05555555555555555,0.05555555555555555,0.0,0.2222222222222222,0.05555555555555555,0.0,0.05555555555555555,0.0,0.0,0.0,0.0,0.05555555555555555,0.0,0.2222222222222222,0.0,0.0,0.0,0.0,0.0,0.0,0.05555555555555555,0.0,0.0,0.2222222222222222,0.0,0.0,0.0,0.0,0.05555555555555555,0.0,0.0,0.0,0.05555555555555555,0.0,0.0,0.05555555555555555,0.6666666666666666,0.0,0.0,0.0,0.0,0.0,0.05555555555555555,0.05555555555555555,0.0,0.16666666666666666,0.0,0.0,0.0,0.0,0.05555555555555555,0.0,0.0,0.0,0.16666666666666666
1,2.2797599848283485,7,0.0,0.0,0.6,0.0,0.2,0.0,0.0,0.0,0.2,0.2,0.2,0.0,0.8,0.2,0.0,0.2,0.0,0.0,0.0,0.0,0.2,0.0,1.0,0.0,0.0,0.0,0.0,0.2,0.2,0.2,0.0,0.0,0.8,0.0,0.2,0.0,0.0,0.2,0.0,0.0,0.0,0.2,0.0,0.0,0.2,3.0,0.0,0.0,0.0,0.0,0.0,0.2,0.2,0.0,0.6,0.0,0.0,0.0,0.0,0.2,0.0,0.0,0.0,1.0
2,0.9068092660330556,7,0.0,0.0,0.75,0.0,0.5,0.25,0.0,0.0,0.25,0.25,0.25,0.0,1.25,0.25,0.0,0.25,0.0,0.0,0.0,0.0,0.25,0.0,1.25,0.0,0.0,0.0,0.0,0.25,0.25,0.25,0.0,0.0,1.0,0.0,0.75,0.0,0.0,0.25,0.0,0.0,0.0,0.25,0.0,0.0,0.5,4.0,0.0,0.0,0.0,0.0,0.0,0.25,0.25,0.0,0.75,0.0,0.0,0.0,0.0,0.25,0.0,0.0,0.0,1.25
3,3.5824755963674666,16,0.36363636363636365,0.0,0.2727272727272727,0.0,0.18181818181818182,0.09090909090909091,0.0,0.0,0.09090909090909091,0.18181818181818182,0.18181818181818182,0.0,0.45454545454545453,0.09090909090909091,0.09090909090909091,0.09090909090909091,0.0,0.0,0.0,0.0,0.09090909090909091,0.0,0.5454545454545454,0.0,0.09090909090909091,0.0,0.18181818181818182,0.18181818181818182,0.18181818181818182,0.09090909090909091,0.0,0.09090909090909091,0.36363636363636365,0.0,0.2727272727272727,0.09090909090909091,0.0,0.09090909090909091,0.0,0.0,0.0,0.36363636363636365,0.0,0.0,0.5454545454545454,2.3636363636363638,0.0,0.0,0.0,0.0,0.0,0.09090909090909091,0.09090909090909091,0.0,0.36363636363636365,0.0,0.0,0.0,0.0,0.18181818181818182,0.0,0.0,0.0,0.6363636363636364
4,1.5818580073905144,18,0.38461538461538464,0.0,0.23076923076923078,0.0,0.23076923076923078,0.15384615384615385,0.0,0.0,0.07692307692307693,0.3076923076923077,0.15384615384615385,0.07692307692307693,0.5384615384615384,0.07692307692307693,0.23076923076923078,0.15384615384615385,0.0,0.0,0.07692307692307693,0.0,0.07692307692307693,0.0,0.5384615384615384,0.0,0.07692307692307693,0.0,0.23076923076923078,0.15384615384615385,0.15384615384615385,0.07692307692307693,0.07692307692307693,0.15384615384615385,0.46153846153846156,0.0,0.38461538461538464,0.07692307692307693,0.0,0.15384615384615385,0.0,0.0,0.0,0.38461538461538464,0.0,0.0,0.6153846153846154,2.6153846153846154,0.0,0.0,0.0,0.0,0.0,0.07692307692307693,0.07692307692307693,0.0,0.3076923076923077,0.0,0.0,0.0,0.0,0.15384615384615385,0.0,0.0,0.0,0.7692307692307693
5,0.8874907792201613,11,0.8571428571428571,0.0,0.5714285714285714,0.0,0.5714285714285714,0.2857142857142857,0.0,0.0,0.14285714285714285,0.5714285714285714,0.42857142857142855,0.14285714285714285,1.1428571428571428,0.14285714285714285,0.42857142857142855,0.2857142857142857,0.0,0.0,0.14285714285714285,0.0,0.14285714285714285,0.14285714285714285,1.1428571428571428,0.0,0.2857142857142857,0.0,0.42857142857142855,0.42857142857142855,0.42857142857142855,0.14285714285714285,0.14285714285714285,0.2857142857142857,1.1428571428571428,0.0,1.0,0.14285714285714285,0.0,0.2857142857142857,0.0,0.2857142857142857,0.0,0.8571428571428571,0.0,0.0,1.4285714285714286,5.428571428571429,0.0,0.0,0.14285714285714285,0.0,0.0,0.14285714285714285,0.14285714285714285,0.0,0.5714285714285714,0.0,0.14285714285714285,0.0,0.0,0.2857142857142857,0.0,0.0,0.0,1.4285714285714286
6,4.311092020118819,13,0.5833333333333334,0.0,0.5,0.0,0.4166666666666667,0.16666666666666666,0.0,0.0,0.08333333333333333,0.3333333333333333,0.25,0.08333333333333333,0.8333333333333334,0.08333333333333333,0.25,0.3333333333333333,0.0,0.0,0.08333333333333333,0.0,0.16666666666666666,0.08333333333333333,0.8333333333333334,0.0,0.16666666666666666,0.0,0.25,0.4166666666666667,0.4166666666666667,0.08333333333333333,0.08333333333333333,0.16666666666666666,1.0833333333333333,0.0,0.5833333333333334,0.16666666666666666,0.0,0.16666666666666666,0.0,0.16666666666666666,0.0,0.75,0.0,0.0,1.0,3.5833333333333335,0.0,0.0,0.16666666666666666,0.0,0.0,0.08333333333333333,0.08333333333333333,0.0,0.4166666666666667,0.0,0.08333333333333333,0.0,0.0,0.25,0.0,0.0,0.0,0.8333333333333334
7,1.1188094602373215,6,3.5,0.0,3.5,0.0,2.5,1.0,0.0,0.0,0.5,2.0,1.5,0.5,5.5,0.5,1.5,2.0,0.0,0.0,0.5,0.0,1.0,0.5,5.5,0.0,1.0,0.0,1.5,2.5,2.5,0.5,0.5,1.0,6.5,0.0,3.5,1.0,0.0,1.0,0.0,1.0,0.0,4.5,0.0,0.0,6.0,22.5,0.0,0.0,1.0,0.0,0.0,0.5,0.5,0.0,2.5,0.0,0.5,0.0,0.0,1.5,0.0,0.0,0.0,5.5
8,6.406504009986933,22,0.47058823529411764,0.0,0.5294117647058824,0.0,0.29411764705882354,0.17647058823529413,0.0,0.0,0.058823529411764705,0.4117647058823529,0.23529411764705882,0.058823529411764705,0.9411764705882353,0.17647058823529413,0.29411764705882354,0.23529411764705882,0.0,0.0,0.058823529411764705,0.058823529411764705,0.17647058823529413,0.058823529411764705,0.8235294117647058,0.0,0.11764705882352941,0.0,0.23529411764705882,0.29411764705882354,0.29411764705882354,0.11764705882352941,0.17647058823529413,0.23529411764705882,1.0,0.0,0.4117647058823529,0.11764705882352941,0.0,0.23529411764705882,0.0,0.17647058823529413,0.0,0.5882352941176471,0.0,0.0,0.7647058823529411,3.4705882352941178,0.0,0.0,0.11764705882352941,0.0,0.0,0.058823529411764705,0.058823529411764705,0.0,0.4117647058823529,0.11764705882352941,0.11764705882352941,0.0,0.0,0.23529411764705882,0.0,0.0,0.0,0.7647058823529411
9,1.361524100755104,13,0.8181818181818182,0.0,1.0909090909090908,0.0,0.45454545454545453,0.2727272727272727,0.0,0.0,0.09090909090909091,0.8181818181818182,0.36363636363636365,0.09090909090909091,1.7272727272727273,0.2727272727272727,0.6363636363636364,0.36363636363636365,0.0,0.0,0.09090909090909091,0.09090909090909091,0.2727272727272727,0.09090909090909091,1.4545454545454546,0.0,0.18181818181818182,0.0,0.45454545454545453,0.45454545454545453,0.45454545454545453,0.18181818181818182,0.2727272727272727,0.45454545454545453,1.5454545454545454,0.0,0.8181818181818182,0.18181818181818182,0.0,0.36363636363636365,0.0,0.2727272727272727,0.0,1.0,0.0,0.0,1.2727272727272727,6.0,0.0,0.09090909090909091,0.18181818181818182,0.0,0.0,0.09090909090909091,0.09090909090909091,0.09090909090909091,0.6363636363636364,0.18181818181818182,0.18181818181818182,0.0,0.0,0.36363636363636365,0.0,0.0,0.0,1.3636363636363635
10,0.0272103555855987,2,4.5,0.0,6.0,0.0,2.5,1.5,0.0,0.0,0.5,4.5,2.0,0.5,10.0,1.5,3.5,2.0,0.0,0.0,0.5,0.5,1.5,0.5,8.0,0.0,1.0,0.0,2.5,2.5,2.5,1.0,1.5,2.5,8.5,0.0,5.0,1.0,0.0,2.5,0.0,1.5,0.0,5.5,0.0,0.0,7.0,33.0,0.0,0.5,1.0,0.0,0.0,0.5,0.5,0.5,3.5,1.0,1.0,0.0,0.0,2.0,0.0,0.0,0.0,7.5
11,1.875078083232709,5,3.0,0.0,4.333333333333333,0.0,1.6666666666666667,1.0,0.0,0.0,0.3333333333333333,3.0,1.3333333333333333,0.3333333333333333,7.0,1.0,2.3333333333333335,1.3333333333333333,0.0,0.0,0.6666666666666666,0.3333333333333333,1.0,0.6666666666666666,5.333333333333333,0.3333333333333333,0.6666666666666666,0.0,1.6666666666666667,1.6666666666666667,1.6666666666666667,0.6666666666666666,1.0,1.6666666666666667,5.666666666666667,0.0,3.3333333333333335,0.6666666666666666,0.0,1.6666666666666667,0.0,1.0,0.0,3.6666666666666665,0.0,0.0,4.666666666666667,22.0,0.0,0.6666666666666666,0.6666666666666666,0.0,0.0,0.3333333333333333,0.3333333333333333,0.3333333333333333,2.3333333333333335,0.6666666666666666,0.6666666666666666,0.0,0.0,1.3333333333333333,0.0,0.0,0.0,5.0
12,1.4264877426496219,11,1.4285714285714286,0.0,2.142857142857143,0.0,0.7142857142857143,0.42857142857142855,0.0,0.0,0.14285714285714285,1.4285714285714286,0.5714285714285714,0.14285714285714285,3.2857142857142856,0.42857142857142855,1.1428571428571428,0.5714285714285714,0.0,0.0,0.2857142857142857,0.14285714285714285,0.42857142857142855,0.2857142857142857,2.5714285714285716,0.14285714285714285,0.2857142857142857,0.0,0.7142857142857143,0.7142857142857143,0.7142857142857143,0.2857142857142857,0.42857142857142855,0.8571428571428571,2.4285714285714284,0.0,1.5714285714285714,0.42857142857142855,0.0,0.7142857142857143,0.0,0.42857142857142855,0.0,1.7142857142857142,0.0,0.0,2.142857142857143,10.142857142857142,0.0,0.2857142857142857,0.2857142857142857,0.0,0.0,0.14285714285714285,0.14285714285714285,0.14285714285714285,1.0,0.2857142857142857,0.2857142857142857,0.0,0.0,0.5714285714285714,0.0,0.0,0.0,2.2857142857142856
13,2.561522784090789,26,0.5454545454545454,0.0,0.6818181818181818,0.0,0.3181818181818182,0.13636363636363635,0.0,0.0,0.09090909090909091,0.6363636363636364,0.18181818181818182,0.045454545454545456,1.1363636363636365,0.18181818181818182,0.45454545454545453,0.18181818181818182,0.0,0.0,0.09090909090909091,0.09090909090909091,0.22727272727272727,0.09090909090909091,0.9545454545454546,0.045454545454545456,0.09090909090909091,0.045454545454545456,0.3181818181818182,0.22727272727272727,0.22727272727272727,0.13636363636363635,0.13636363636363635,0.3181818181818182,1.0454545454545454,0.0,0.5454545454545454,0.13636363636363635,0.0,0.3181818181818182,0.045454545454545456,0.13636363636363635,0.0,0.7272727272727273,0.0,0.0,0.8636363636363636,3.909090909090909,0.0,0.09090909090909091,0.22727272727272727,0.0,0.0,0.18181818181818182,0.045454545454545456,0.045454545454545456,0.45454545454545453,0.18181818181818182,0.09090909090909091,0.0,0.0,0.2727272727272727,0.0,0.0,0.0,0.7272727272727273
14,2.119971283503103,22,0.7058823529411765,0.0,1.0,0.0,0.4117647058823529,0.17647058823529413,0.0,0.0,0.11764705882352941,0.9411764705882353,0.23529411764705882,0.058823529411764705,1.6470588235294117,0.23529411764705882,0.6470588235294118,0.29411764705882354,0.0,0.0,0.11764705882352941,0.11764705882352941,0.35294117647058826,0.17647058823529413,1.4705882352941178,0.058823529411764705,0.11764705882352941,0.058823529411764705,0.4117647058823529,0.35294117647058826,0.35294117647058826,0.17647058823529413,0.17647058823529413,0.47058823529411764,1.588235294117647,0.0,0.7647058823529411,0.17647058823529413,0.0,0.47058823529411764,0.058823529411764705,0.29411764705882354,0.0,1.0588235294117647,0.0,0.0,1.1176470588235294,5.647058823529412,0.0,0.11764705882352941,0.4117647058823529,0.0,0.0,0.29411764705882354,0.058823529411764705,0.058823529411764705,0.6470588235294118,0.23529411764705882,0.11764705882352941,0.0,0.0,0.4117647058823529,0.0,0.0,0.0,1.1764705882352942
15,3.952938960921673,7,2.4,0.0,3.6,0.0,1.4,0.6,0.0,0.0,0.4,3.2,0.8,0.2,5.8,0.8,2.2,1.0,0.0,0.0,0.4,0.4,1.2,0.6,5.4,0.2,0.4,0.2,1.4,1.4,1.4,0.6,0.6,1.6,5.4,0.0,2.8,0.6,0.0,1.6,0.2,1.0,0.0,3.8,0.0,0.0,3.8,19.6,0.0,0.4,1.4,0.0,0.0,1.0,0.2,0.2,2.2,0.8,0.4,0.0,0.0,1.4,0.0,0.0,0.0,4.0
16,4.058276292536153,9,1.5,0.0,2.25,0.0,0.875,0.5,0.0,0.0,0.25,2.25,0.625,0.125,3.75,0.5,1.625,0.625,0.0,0.0,0.25,0.375,0.875,0.375,3.375,0.125,0.25,0.125,0.875,1.0,1.0,0.375,0.5,1.125,3.625,0.0,1.75,0.375,0.0,1.0,0.125,0.625,0.0,2.375,0.0,0.0,2.375,13.0,0.0,0.375,0.875,0.0,0.0,0.625,0.125,0.25,1.625,0.5,0.25,0.0,0.0,1.0,0.0,0.0,0.0,2.625
17,2.206020786844256,8,2.0,0.0,3.0,0.0,1.1666666666666667,1.1666666666666667,0.0,0.0,0.3333333333333333,3.0,0.8333333333333334,0.16666666666666666,5.5,0.6666666666666666,2.1666666666666665,0.8333333333333334,0.0,0.0,0.3333333333333333,0.5,1.1666666666666667,0.5,4.833333333333333,0.16666666666666666,0.3333333333333333,0.16666666666666666,1.1666666666666667,1.3333333333333333,1.3333333333333333,0.5,0.6666666666666666,1.5,4.833333333333333,0.0,2.5,0.5,0.0,1.3333333333333333,0.16666666666666666,0.8333333333333334,0.0,3.1666666666666665,0.0,0.0,3.1666666666666665,17.666666666666668,0.0,0.5,1.1666666666666667,0.0,0.0,0.8333333333333334,0.16666666666666666,0.3333333333333333,2.1666666666666665,0.6666666666666666,0.3333333333333333,0.0,0.0,1.3333333333333333,0.0,0.0,0.0,3.5
18,-0.4661414527622395,4,6.0,0.0,9.0,0.0,3.5,3.5,0.0,0.0,1.0,9.0,2.5,0.5,16.5,2.0,6.5,2.5,0.0,0.0,1.0,1.5,3.5,1.5,14.5,0.5,1.0,0.5,3.5,4.0,4.0,1.5,2.0,4.5,14.5,0.0,8.0,1.5,0.0,4.0,0.5,2.5,0.0,10.0,0.0,0.0,9.5,53.5,0.0,1.5,3.5,0.0,0.0,2.5,0.5,1.0,6.5,2.0,1.0,0.0,0.0,4.0,0.0,0.0,0.0,11.0
19,2.034836126018387,11,1.5,0.0,2.25,0.0,1.125,0.875,0.0,0.0,0.25,2.25,0.75,0.125,4.125,0.5,1.625,0.625,0.0,0.0,0.25,0.375,0.875,0.375,3.75,0.125,0.25,0.125,0.875,1.125,1.125,0.375,0.5,1.125,3.75,0.0,2.125,0.375,0.0,1.0,0.125,0.75,0.0,2.625,0.0,0.0,2.625,14.0,0.0,0.375,0.875,0.0,0.0,0.625,0.125,0.25,1.625,0.5,0.375,0.0,0.0,1.0,0.0,0.0,0.0,2.875
20,1.1833312584734028,7,3.0,0.0,4.5,0.0,2.25,1.75,0.0,0.0,0.5,4.5,1.5,0.25,8.25,1.0,3.25,1.5,0.0,0.0,0.75,0.75,1.75,1.0,7.75,0.5,0.5,0.25,1.75,2.25,2.25,0.75,1.0,2.25,7.75,0.0,4.25,0.75,0.0,2.0,0.25,1.5,0.0,5.25,0.0,0.0,5.25,28.5,0.0,0.75,1.75,0.0,0.0,1.25,0.25,0.5,3.25,1.0,0.75,0.0,0.0,2.0,0.0,0.0,0.0,6.0
21,5.048483999959748,14,1.4,0.0,1.9,0.0,0.9,0.9,0.0,0.0,0.2,2.0,0.6,0.1,3.6,0.4,1.4,0.7,0.0,0.0,0.3,0.3,0.7,0.4,3.2,0.2,0.2,0.1,0.8,0.9,0.9,0.3,0.4,1.0,3.2,0.0,1.8,0.4,0.0,0.8,0.1,0.7,0.0,2.3,0.0,0.0,2.3,11.9,0.0,0.3,0.7,0.0,0.0,0.5,0.1,0.3,1.3,0.4,0.3,0.0,0.0,0.8,0.0,0.0,0.0,2.5
22,0.033334849724562854,17,1.0769230769230769,0.0,1.5384615384615385,0.0,0.7692307692307693,0.8461538461538461,0.0,0.0,0.3076923076923077,1.6153846153846154,0.46153846153846156,0.07692307692307693,3.0,0.3076923076923077,1.1538461538461537,0.6153846153846154,0.0,0.0,0.23076923076923078,0.23076923076923078,0.5384615384615384,0.3076923076923077,2.6923076923076925,0.15384615384615385,0.15384615384615385,0.07692307692307693,0.6153846153846154,0.6923076923076923,0.6923076923076923,0.23076923076923078,0.3076923076923077,0.8461538461538461,2.6153846153846154,0.0,1.4615384615384615,0.3076923076923077,0.0,0.6153846153846154,0.07692307692307693,0.5384615384615384,0.0,1.8461538461538463,0.0,0.0,1.8461538461538463,9.538461538461538,0.15384615384615385,0.23076923076923078,0.6153846153846154,0.0,0.0,0.38461538461538464,0.23076923076923078,0.23076923076923078,1.0,0.3076923076923077,0.23076923076923078,0.0,0.0,0.6153846153846154,0.0,0.0,0.0,1.9230769230769231
23,6.50218209819497,24,0.9411764705882353,0.0,1.2941176470588236,0.0,0.6470588235294118,0.7058823529411765,0.0,0.0,0.23529411764705882,1.3529411764705883,0.35294117647058826,0.058823529411764705,2.4705882352941178,0.23529411764705882,1.0,0.5294117647058824,0.0,0.0,0.17647058823529413,0.23529411764705882,0.47058823529411764,0.23529411764705882,2.235294117647059,0.11764705882352941,0.11764705882352941,0.058823529411764705,0.5882352941176471,0.5294117647058824,0.5294117647058824,0.17647058823529413,0.23529411764705882,0.7058823529411765,2.235294117647059,0.0,1.1176470588235294,0.23529411764705882,0.0,0.5882352941176471,0.058823529411764705,0.4117647058823529,0.0,1.5294117647058822,0.0,0.0,1.588235294117647,8.058823529411764,0.11764705882352941,0.17647058823529413,0.5294117647058824,0.0,0.0,0.29411764705882354,0.17647058823529413,0.23529411764705882,0.9411764705882353,0.23529411764705882,0.17647058823529413,0.0,0.0,0.5294117647058824,0.0,0.0,0.0,1.588235294117647
24,-1.9365376343993081,5,4.0,0.0,5.5,0.0,2.75,3.5,0.0,0.0,1.0,5.75,1.5,0.25,11.0,1.0,4.25,2.25,0.0,0.0,0.75,1.0,2.0,1.0,9.75,0.5,0.5,0.25,2.5,2.25,2.25,0.75,1.0,3.0,9.5,0.0,5.0,1.0,0.0,2.5,0.25,1.75,0.0,6.75,0.0,0.0,6.75,34.5,0.5,0.75,2.25,0.0,0.0,1.25,0.75,1.0,4.0,1.0,0.75,0.0,0.0,2.25,0.0,0.0,0.0,6.75
25,3.3805764892280843,10,2.0,0.0,3.0,0.0,1.375,1.875,0.125,0.0,0.5,2.875,0.75,0.125,5.875,0.5,2.125,1.125,0.0,0.0,0.375,0.5,1.0,0.5,5.125,0.25,0.25,0.125,1.25,1.125,1.125,0.375,0.5,1.5,4.75,0.0,2.625,0.5,0.0,1.25,0.125,0.875,0.0,3.5,0.0,0.0,3.375,17.75,0.25,0.375,1.125,0.0,0.0,0.625,0.375,0.5,2.0,0.625,0.375,0.0,0.0,1.125,0.0,0.0,0.0,3.5
26,2.7081481512816703,9,3.4,0.0,5.0,0.0,2.2,3.0,0.2,0.0,0.8,4.6,1.2,0.2,9.6,0.8,3.4,1.8,0.0,0.0,0.6,0.8,1.6,0.8,8.6,0.4,0.4,0.2,2.0,1.8,1.8,0.6,0.8,2.4,7.6,0.0,4.4,1.0,0.0,2.0,0.2,1.6,0.0,5.8,0.0,0.0,5.6,29.0,0.4,0.6,1.8,0.0,0.0,1.0,0.6,0.8,3.2,1.0,0.6,0.0,0.0,1.8,0.0,0.0,0.0,5.6
27,2.431626158841322,9,2.4285714285714284,0.0,3.7142857142857144,0.0,1.7142857142857142,2.2857142857142856,0.14285714285714285,0.0,0.5714285714285714,3.2857142857142856,0.8571428571428571,0.14285714285714285,7.142857142857143,0.5714285714285714,2.4285714285714284,1.2857142857142858,0.0,0.0,0.42857142857142855,0.5714285714285714,1.2857142857142858,0.7142857142857143,6.428571428571429,0.2857142857142857,0.2857142857142857,0.14285714285714285,1.4285714285714286,1.2857142857142858,1.2857142857142858,0.42857142857142855,0.5714285714285714,1.7142857142857142,5.571428571428571,0.0,3.2857142857142856,0.7142857142857143,0.0,1.4285714285714286,0.14285714285714285,1.2857142857142858,0.0,4.428571428571429,0.0,0.0,4.142857142857143,21.428571428571427,0.2857142857142857,0.42857142857142855,1.2857142857142858,0.0,0.0,0.7142857142857143,0.42857142857142855,0.5714285714285714,2.2857142857142856,0.7142857142857143,0.42857142857142855,0.0,0.0,1.4285714285714286,0.0,0.0,0.0,4.142857142857143
28,1.049899883956452,5,8.5,0.0,13.0,0.0,6.5,8.0,0.5,0.0,2.0,11.5,3.0,0.5,25.0,2.0,8.5,4.5,0.0,0.0,1.5,2.0,4.5,2.5,23.0,1.0,1.0,0.5,5.0,4.5,4.5,1.5,2.0,6.0,19.5,0.0,11.5,2.5,0.0,5.0,0.5,4.5,0.0,15.5,0.0,0.0,15.0,76.0,1.0,1.5,4.5,0.0,0.0,2.5,1.5,2.0,8.0,2.5,1.5,0.0,0.0,5.0,0.0,0.0,0.0,14.5
29,-0.4889640303030502,5,8.5,0.0,13.5,0.0,6.5,8.0,0.5,0.0,2.5,11.5,3.0,0.5,25.5,2.0,8.5,4.5,0.0,0.0,1.5,2.0,4.5,2.5,23.5,1.0,1.0,1.0,5.0,4.5,4.5,1.5,2.0,6.0,19.5,0.0,11.5,2.5,0.0,5.0,0.5,4.5,0.0,15.5,0.0,0.0,15.0,76.5,1.0,1.5,4.5,0.0,0.0,2.5,1.5,2.0,8.0,2.5,1.5,0.0,0.0,5.0,0.0,0.0,0.0,14.5
30,1.5924009381138315,10,2.0,0.0,3.111111111111111,0.0,1.4444444444444444,1.7777777777777777,0.1111111111111111,0.0,0.5555555555555556,2.6666666666666665,0.7777777777777778,0.1111111111111111,5.777777777777778,0.4444444444444444,2.0,1.0,0.0,0.0,0.3333333333333333,0.5555555555555556,1.0,0.5555555555555556,5.555555555555555,0.2222222222222222,0.3333333333333333,0.2222222222222222,1.1111111111111112,1.0,1.0,0.3333333333333333,0.4444444444444444,1.4444444444444444,4.444444444444445,0.0,2.5555555555555554,0.5555555555555556,0.0,1.1111111111111112,0.1111111111111111,1.1111111111111112,0.0,3.5555555555555554,0.0,0.0,3.4444444444444446,17.77777777777778,0.2222222222222222,0.3333333333333333,1.0,0.0,0.0,0.5555555555555556,0.3333333333333333,0.4444444444444444,1.7777777777777777,0.5555555555555556,0.3333333333333333,0.0,0.0,1.1111111111111112,0.0,0.0,0.0,3.3333333333333335
31,6.638264534662532,14,1.8181818181818181,0.0,2.5454545454545454,0.0,1.2727272727272727,1.6363636363636365,0.09090909090909091,0.0,0.45454545454545453,2.272727272727273,0.6363636363636364,0.09090909090909091,4.909090909090909,0.36363636363636365,1.7272727272727273,0.8181818181818182,0.0,0.0,0.2727272727272727,0.45454545454545453,0.9090909090909091,0.45454545454545453,4.636363636363637,0.18181818181818182,0.45454545454545453,0.18181818181818182,0.9090909090909091,1.0,1.0,0.36363636363636365,0.36363636363636365,1.1818181818181819,3.909090909090909,0.0,2.090909090909091,0.45454545454545453,0.0,0.9090909090909091,0.09090909090909091,0.9090909090909091,0.0,3.090909090909091,0.0,0.0,3.090909090909091,15.090909090909092,0.18181818181818182,0.36363636363636365,0.8181818181818182,0.0,0.0,0.5454545454545454,0.2727272727272727,0.36363636363636365,1.5454545454545454,0.45454545454545453,0.2727272727272727,0.0,0.0,0.9090909090909091,0.0,0.0,0.0,2.8181818181818183
32,7.9655700983762046,13,1.8181818181818181,0.0,2.6363636363636362,0.0,1.2727272727272727,1.6363636363636365,0.18181818181818182,0.0,0.45454545454545453,2.3636363636363638,0.7272727272727273,0.09090909090909091,5.0,0.45454545454545453,1.8181818181818181,0.8181818181818182,0.0,0.0,0.2727272727272727,0.45454545454545453,0.9090909090909091,0.45454545454545453,4.818181818181818,0.18181818181818182,0.45454545454545453,0.18181818181818182,0.9090909090909091,1.0909090909090908,1.0909090909090908,0.36363636363636365,0.36363636363636365,1.1818181818181819,4.0,0.0,2.1818181818181817,0.45454545454545453,0.0,0.9090909090909091,0.09090909090909091,0.9090909090909091,0.0,3.1818181818181817,0.0,0.0,3.090909090909091,15.727272727272727,0.18181818181818182,0.36363636363636365,0.9090909090909091,0.0,0.0,0.6363636363636364,0.2727272727272727,0.36363636363636365,1.6363636363636365,0.45454545454545453,0.2727272727272727,0.0,0.0,0.9090909090909091,0.0,0.0,0.0,3.0
33,4.745162837052669,29,0.88,0.0,1.24,0.0,0.68,0.76,0.08,0.0,0.24,1.28,0.32,0.04,2.36,0.2,0.92,0.52,0.0,0.0,0.12,0.28,0.44,0.24,2.2,0.08,0.2,0.08,0.4,0.64,0.64,0.2,0.2,0.68,2.04,0.0,1.04,0.28,0.0,0.4,0.04,0.52,0.0,1.52,0.0,0.0,1.56,7.52,0.08,0.16,0.4,0.0,0.0,0.36,0.16,0.16,0.8,0.2,0.12,0.0,0.0,0.48,0.0,0.0,0.0,1.4
34,0.9445625523419724,2,22.0,0.0,31.0,0.0,17.0,19.0,2.0,0.0,6.0,32.0,8.0,1.0,59.0,5.0,23.0,13.0,0.0,0.0,3.0,7.0,11.0,6.0,55.0,2.0,5.0,2.0,10.0,16.0,16.0,5.0,5.0,17.0,51.0,0.0,27.0,7.0,0.0,10.0,1.0,13.0,0.0,38.0,0.0,0.0,39.0,188.0,2.0,4.0,10.0,0.0,0.0,9.0,4.0,4.0,20.0,5.0,3.0,0.0,0.0,12.0,0.0,0.0,0.0,35.0
35,-1.9453438490284518,29,1.0434782608695652,0.0,1.4782608695652173,0.0,0.782608695652174,0.8695652173913043,0.08695652173913043,0.0,0.2608695652173913,1.4782608695652173,0.34782608695652173,0.043478260869565216,2.739130434782609,0.21739130434782608,1.0434782608695652,0.6521739130434783,0.0,0.0,0.13043478260869565,0.34782608695652173,0.5652173913043478,0.30434782608695654,2.5652173913043477,0.08695652173913043,0.21739130434782608,0.08695652173913043,0.5217391304347826,0.6956521739130435,0.7391304347826086,0.30434782608695654,0.21739130434782608,0.782608695652174,2.608695652173913,0.0,1.2173913043478262,0.30434782608695654,0.0,0.43478260869565216,0.08695652173913043,0.6086956521739131,0.0,1.826086956521739,0.0,0.0,1.826086956521739,8.73913043478261,0.08695652173913043,0.17391304347826086,0.5652173913043478,0.0,0.0,0.391304347826087,0.17391304347826086,0.21739130434782608,0.8695652173913043,0.21739130434782608,0.13043478260869565,0.0,0.043478260869565216,0.6086956521739131,0.0,0.043478260869565216,0.0,1.608695652173913
36,0,2,0,0,0,0,0,0,0,0,0,0,0,0,0,0,0,0,0,0,0,0,0,0,0,0,0,0,0,0,0,0,0,0,0,0,0,0,0,0,0,0,0,0,0,0,0,0,0,0,0,0,0,0,0,0,0,0,0,0,0,0,0,0,0,0
37,2.2744578609271247,34,1.04,0.0,1.4,0.0,0.76,0.8,0.08,0.0,0.28,1.68,0.36,0.04,2.56,0.2,1.16,0.68,0.0,0.0,0.12,0.32,0.56,0.28,2.56,0.08,0.28,0.08,0.48,0.64,0.68,0.28,0.2,0.88,2.64,0.0,1.12,0.28,0.0,0.4,0.08,0.56,0.0,1.68,0.0,0.0,1.8,8.8,0.12,0.16,0.6,0.0,0.0,0.44,0.16,0.2,0.84,0.2,0.12,0.0,0.04,0.68,0.0,0.04,0.0,1.6
38,-1.5687253317957166,9,4.333333333333333,0.0,6.0,0.0,3.1666666666666665,3.3333333333333335,0.3333333333333333,0.0,1.1666666666666667,7.166666666666667,1.6666666666666667,0.16666666666666666,10.833333333333334,0.8333333333333334,4.833333333333333,2.8333333333333335,0.0,0.0,0.5,1.5,2.3333333333333335,1.1666666666666667,11.0,0.3333333333333333,1.1666666666666667,0.3333333333333333,2.0,2.6666666666666665,2.8333333333333335,1.1666666666666667,0.8333333333333334,3.6666666666666665,11.166666666666666,0.0,5.0,1.1666666666666667,0.0,1.6666666666666667,0.3333333333333333,2.5,0.0,7.0,0.0,0.0,7.5,37.333333333333336,0.5,0.6666666666666666,2.5,0.0,0.0,2.0,0.6666666666666666,0.8333333333333334,3.5,0.8333333333333334,0.5,0.0,0.16666666666666666,2.8333333333333335,0.0,0.16666666666666666,0.0,6.833333333333333
39,-0.4828395361640867,17,2.888888888888889,0.0,4.0,0.0,2.111111111111111,2.3333333333333335,0.2222222222222222,0.0,0.7777777777777778,5.0,1.1111111111111112,0.1111111111111111,7.333333333333333,0.5555555555555556,3.4444444444444446,1.8888888888888888,0.0,0.0,0.3333333333333333,1.0,1.7777777777777777,0.7777777777777778,7.444444444444445,0.2222222222222222,0.7777777777777778,0.2222222222222222,1.3333333333333333,1.7777777777777777,1.8888888888888888,0.7777777777777778,0.5555555555555556,2.4444444444444446,7.666666666666667,0.0,3.5555555555555554,0.7777777777777778,0.0,1.1111111111111112,0.2222222222222222,1.6666666666666667,0.0,4.666666666666667,0.0,0.0,5.0,25.444444444444443,0.3333333333333333,0.4444444444444444,1.6666666666666667,0.1111111111111111,0.0,1.5555555555555556,0.4444444444444444,0.5555555555555556,2.3333333333333335,0.5555555555555556,0.3333333333333333,0.0,0.1111111111111111,2.111111111111111,0.0,0.1111111111111111,0.0,4.555555555555555
40,3.090891162653371,7,4.333333333333333,0.0,6.0,0.0,3.3333333333333335,3.5,0.3333333333333333,0.0,1.1666666666666667,7.833333333333333,1.6666666666666667,0.16666666666666666,11.0,0.8333333333333334,5.166666666666667,2.8333333333333335,0.0,0.0,0.5,1.5,2.6666666666666665,1.1666666666666667,11.166666666666666,0.3333333333333333,1.1666666666666667,0.3333333333333333,2.0,2.8333333333333335,3.0,1.3333333333333333,1.0,3.8333333333333335,11.833333333333334,0.0,5.5,1.1666666666666667,0.0,1.6666666666666667,0.3333333333333333,2.5,0.0,7.166666666666667,0.0,0.0,7.666666666666667,38.666666666666664,0.5,0.8333333333333334,2.5,0.16666666666666666,0.0,2.5,0.6666666666666666,0.8333333333333334,3.6666666666666665,0.8333333333333334,0.5,0.0,0.16666666666666666,3.1666666666666665,0.0,0.16666666666666666,0.0,7.0
41,0.4880803429861791,3,0,0,0,0,0,0,0,0,0,0,0,0,0,0,0,0,0,0,0,0,0,0,0,0,0,0,0,0,0,0,0,0,0,0,0,0,0,0,0,0,0,0,0,0,0,0,0,0,0,0,0,0,0,0,0,0,0,0,0,0,0,0,0,0
42,3.84056278931179,16,2.25,0.0,3.0833333333333335,0.0,1.75,1.75,0.16666666666666666,0.0,0.5833333333333334,4.083333333333333,0.9166666666666666,0.08333333333333333,5.666666666666667,0.4166666666666667,2.75,1.4166666666666667,0.0,0.0,0.25,0.75,1.4166666666666667,0.5833333333333334,5.833333333333333,0.16666666666666666,0.5833333333333334,0.16666666666666666,1.0,1.5833333333333333,1.6666666666666667,0.6666666666666666,0.5,1.9166666666666667,6.083333333333333,0.0,2.75,0.6666666666666666,0.0,0.9166666666666666,0.16666666666666666,1.3333333333333333,0.0,3.6666666666666665,0.0,0.0,4.0,20.0,0.25,0.4166666666666667,1.25,0.08333333333333333,0.0,1.4166666666666667,0.3333333333333333,0.4166666666666667,1.8333333333333333,0.4166666666666667,0.3333333333333333,0.0,0.08333333333333333,1.5833333333333333,0.0,0.08333333333333333,0.0,3.5
43,2.733560473693962,44,0.8285714285714286,0.0,1.1714285714285715,0.0,0.6285714285714286,0.6,0.05714285714285714,0.0,0.22857142857142856,1.4857142857142858,0.34285714285714286,0.02857142857142857,2.085714285714286,0.14285714285714285,1.0,0.5714285714285714,0.0,0.0,0.08571428571428572,0.2857142857142857,0.6285714285714286,0.2,2.257142857142857,0.05714285714285714,0.2,0.05714285714285714,0.37142857142857144,0.5714285714285714,0.6,0.2571428571428571,0.17142857142857143,0.6571428571428571,2.3714285714285714,0.0,1.0,0.2571428571428571,0.0,0.34285714285714286,0.05714285714285714,0.4857142857142857,0.0,1.4285714285714286,0.0,0.0,1.457142857142857,7.571428571428571,0.08571428571428572,0.2,0.42857142857142855,0.02857142857142857,0.0,0.5428571428571428,0.14285714285714285,0.14285714285714285,0.7142857142857143,0.14285714285714285,0.11428571428571428,0.0,0.02857142857142857,0.6571428571428571,0.0,0.02857142857142857,0.0,1.3142857142857143
44,0.37747154601004046,2,29.0,0.0,41.0,0.0,22.0,21.0,2.0,0.0,8.0,52.0,12.0,1.0,73.0,5.0,35.0,20.0,0.0,0.0,3.0,10.0,22.0,7.0,79.0,2.0,7.0,2.0,13.0,20.0,21.0,9.0,6.0,23.0,83.0,0.0,35.0,9.0,0.0,12.0,2.0,17.0,0.0,51.0,0.0,0.0,51.0,265.0,3.0,7.0,15.0,1.0,0.0,19.0,5.0,5.0,25.0,5.0,4.0,0.0,1.0,23.0,0.0,1.0,0.0,46.0
45,0.7092979369384579,4,29.0,0.0,41.0,0.0,22.0,21.0,2.0,0.0,8.0,52.0,12.0,1.0,73.0,5.0,35.0,20.0,0.0,0.0,3.0,10.0,22.0,7.0,79.0,2.0,7.0,2.0,13.0,20.0,21.0,9.0,6.0,23.0,83.0,0.0,35.0,9.0,0.0,12.0,2.0,18.0,0.0,51.0,0.0,0.0,51.0,265.0,3.0,7.0,15.0,1.0,0.0,19.0,5.0,5.0,25.0,5.0,4.0,0.0,1.0,23.0,0.0,1.0,0.0,46.0
46,0.5012436771205444,5,7.25,0.0,10.5,0.0,5.5,5.25,0.5,0.0,2.0,13.0,3.0,0.25,18.5,1.25,8.75,5.0,0.0,0.0,0.75,2.5,5.5,1.75,20.25,0.5,1.75,0.5,3.25,5.0,5.25,2.25,1.5,5.75,20.75,0.0,8.75,2.25,0.0,3.0,0.5,4.5,0.0,12.75,0.0,0.0,12.75,67.25,0.75,1.75,3.75,0.25,0.0,4.75,1.25,1.25,6.25,1.5,1.0,0.0,0.25,5.75,0.0,0.25,0.0,11.75
47,-2.5729800606705444,7,5.8,0.0,8.4,0.0,4.6,4.4,0.4,0.0,1.6,10.6,2.4,0.2,15.0,1.0,7.2,4.0,0.0,0.0,0.6,2.0,4.4,1.4,16.2,0.4,1.4,0.4,2.6,4.0,4.2,1.8,1.2,4.6,16.8,0.0,7.0,1.8,0.0,2.4,0.4,3.6,0.0,10.2,0.0,0.0,10.4,54.4,0.6,1.4,3.0,0.2,0.0,4.0,1.0,1.0,5.0,1.2,0.8,0.0,0.2,4.6,0.0,0.2,0.0,9.6
48,2.091466055481764,5,9.666666666666666,0.0,14.333333333333334,0.0,7.666666666666667,7.333333333333333,0.6666666666666666,0.0,3.0,17.666666666666668,4.0,0.6666666666666666,25.666666666666668,1.6666666666666667,12.0,6.666666666666667,0.0,0.0,1.3333333333333333,3.3333333333333335,7.333333333333333,2.3333333333333335,27.333333333333332,0.6666666666666666,2.3333333333333335,0.6666666666666666,4.333333333333333,6.666666666666667,7.0,3.0,2.0,7.666666666666667,28.0,0.0,11.666666666666666,3.0,0.0,4.333333333333333,0.6666666666666666,6.0,0.0,17.0,0.0,0.0,17.333333333333332,91.0,1.3333333333333333,2.3333333333333335,5.0,0.3333333333333333,0.0,6.666666666666667,1.6666666666666667,1.6666666666666667,8.333333333333334,2.0,1.3333333333333333,0.0,0.3333333333333333,7.666666666666667,0.0,0.3333333333333333,0.0,16.0
49,0.8391945621879253,21,1.9333333333333333,0.0,3.0,0.0,1.6,1.4666666666666666,0.13333333333333333,0.0,0.6,3.8,0.9333333333333333,0.13333333333333333,5.266666666666667,0.3333333333333333,2.533333333333333,1.3333333333333333,0.0,0.0,0.26666666666666666,0.7333333333333333,1.4666666666666666,0.4666666666666667,5.733333333333333,0.13333333333333333,0.4666666666666667,0.13333333333333333,0.8666666666666667,1.3333333333333333,1.4,0.6,0.4,1.6666666666666667,5.733333333333333,0.0,2.4,0.6,0.0,0.8666666666666667,0.13333333333333333,1.2,0.0,3.4,0.0,0.0,3.533333333333333,18.866666666666667,0.26666666666666666,0.6,1.0,0.06666666666666667,0.0,1.4,0.3333333333333333,0.4,1.6666666666666667,0.4,0.26666666666666666,0.0,0.06666666666666667,1.5333333333333334,0.0,0.06666666666666667,0.0,3.2666666666666666
50,3.083852322657971,19,1.8125,0.0,2.9375,0.0,1.5625,1.375,0.125,0.0,0.5625,3.6875,0.875,0.125,5.0625,0.3125,2.5,1.25,0.0,0.0,0.3125,0.75,1.4375,0.4375,5.5625,0.125,0.4375,0.125,0.8125,1.3125,1.375,0.5625,0.375,1.5625,5.5625,0.0,2.3125,0.5625,0.0625,0.8125,0.125,1.1875,0.0,3.25,0.0,0.0,3.375,18.375,0.25,0.5625,0.9375,0.0625,0.0,1.375,0.3125,0.4375,1.5625,0.375,0.25,0.0,0.0625,1.4375,0.0,0.0625,0.0,3.375
51,5.359224529441529,24,1.45,0.0,2.45,0.0,1.3,1.2,0.1,0.0,0.45,3.25,0.75,0.1,4.3,0.25,2.15,1.1,0.0,0.0,0.25,0.7,1.25,0.35,4.55,0.1,0.35,0.1,0.65,1.1,1.15,0.45,0.3,1.3,4.75,0.0,1.9,0.45,0.05,0.7,0.1,0.95,0.0,2.7,0.0,0.0,2.75,15.15,0.2,0.45,0.8,0.05,0.0,1.25,0.25,0.4,1.25,0.3,0.2,0.0,0.1,1.2,0.0,0.05,0.0,2.75
52,0,1,0,0,0,0,0,0,0,0,0,0,0,0,0,0,0,0,0,0,0,0,0,0,0,0,0,0,0,0,0,0,0,0,0,0,0,0,0,0,0,0,0,0,0,0,0,0,0,0,0,0,0,0,0,0,0,0,0,0,0,0,0,0,0,0
53,3.7141702547902415,2,29.0,0.0,49.0,0.0,26.0,24.0,2.0,0.0,9.0,65.0,15.0,2.0,86.0,5.0,43.0,22.0,0.0,0.0,5.0,14.0,25.0,8.0,91.0,2.0,7.0,2.0,13.0,22.0,23.0,9.0,6.0,26.0,95.0,0.0,38.0,9.0,1.0,14.0,2.0,20.0,0.0,55.0,0.0,0.0,55.0,303.0,4.0,9.0,16.0,1.0,0.0,25.0,5.0,8.0,25.0,6.0,4.0,0.0,2.0,24.0,0.0,1.0,0.0,55.0
54,1.6845749355939448,10,4.142857142857143,0.0,7.0,0.0,4.0,3.4285714285714284,0.2857142857142857,0.0,1.2857142857142858,9.571428571428571,2.142857142857143,0.2857142857142857,12.285714285714286,0.7142857142857143,6.428571428571429,3.142857142857143,0.0,0.0,0.7142857142857143,2.0,3.857142857142857,1.1428571428571428,13.142857142857142,0.2857142857142857,1.0,0.2857142857142857,1.8571428571428572,3.142857142857143,3.2857142857142856,1.2857142857142858,0.8571428571428571,4.0,14.0,0.0,5.428571428571429,1.2857142857142858,0.14285714285714285,2.0,0.2857142857142857,2.857142857142857,0.0,7.857142857142857,0.0,0.0,8.142857142857142,44.142857142857146,0.5714285714285714,1.2857142857142858,2.4285714285714284,0.14285714285714285,0.0,3.5714285714285716,0.7142857142857143,1.1428571428571428,3.5714285714285716,0.8571428571428571,0.5714285714285714,0.0,0.2857142857142857,3.5714285714285716,0.0,0.14285714285714285,0.0,7.857142857142857
55,0.09129031016324377,6,9.666666666666666,0.0,16.666666666666668,0.0,9.333333333333334,8.0,0.6666666666666666,0.0,3.0,22.333333333333332,5.0,0.6666666666666666,29.0,1.6666666666666667,15.0,7.333333333333333,0.0,0.0,1.6666666666666667,4.666666666666667,9.0,2.6666666666666665,31.333333333333332,0.6666666666666666,2.3333333333333335,0.6666666666666666,4.333333333333333,7.333333333333333,7.666666666666667,3.0,2.0,9.333333333333334,32.666666666666664,0.0,13.0,3.0,0.3333333333333333,4.666666666666667,0.6666666666666666,7.0,0.0,18.333333333333332,0.0,0.0,19.0,103.66666666666667,1.3333333333333333,3.0,5.666666666666667,0.3333333333333333,0.0,8.333333333333334,1.6666666666666667,2.6666666666666665,8.333333333333334,2.0,1.3333333333333333,0.0,0.6666666666666666,8.333333333333334,0.0,0.3333333333333333,0.0,18.333333333333332
56,4.359388237151055,2,14.5,0.0,25.0,0.0,14.0,12.0,1.0,0.0,4.5,33.5,7.5,1.0,43.5,2.5,22.5,11.0,0.0,0.0,2.5,7.0,13.5,4.0,47.0,1.0,3.5,1.0,6.5,12.0,12.5,4.5,3.0,14.0,49.0,0.0,20.0,4.5,0.5,7.0,1.0,11.5,0.0,27.5,0.0,0.0,28.5,155.5,2.0,4.5,8.5,0.5,0.0,12.5,2.5,4.0,12.5,3.0,2.0,0.0,1.0,12.5,0.0,0.5,0.0,27.5
57,3.798421724958086,17,2.5833333333333335,0.0,4.25,0.0,2.3333333333333335,2.0833333333333335,0.16666666666666666,0.0,0.75,5.833333333333333,1.25,0.16666666666666666,7.416666666666667,0.4166666666666667,4.0,1.9166666666666667,0.0,0.0,0.4166666666666667,1.1666666666666667,2.3333333333333335,0.6666666666666666,8.0,0.16666666666666666,0.6666666666666666,0.16666666666666666,1.1666666666666667,2.0833333333333335,2.1666666666666665,0.75,0.5,2.5,8.333333333333334,0.0,3.3333333333333335,0.75,0.08333333333333333,1.1666666666666667,0.16666666666666666,1.9166666666666667,0.0,4.666666666666667,0.0,0.0,4.916666666666667,26.75,0.3333333333333333,0.75,1.4166666666666667,0.08333333333333333,0.0,2.1666666666666665,0.4166666666666667,0.6666666666666666,2.1666666666666665,0.5,0.3333333333333333,0.0,0.16666666666666666,2.1666666666666665,0.0,0.08333333333333333,0.0,4.666666666666667
58,3.3472109809639523,16,2.2142857142857144,0.0,3.857142857142857,0.0,2.0714285714285716,1.7857142857142858,0.14285714285714285,0.0,0.6428571428571429,5.214285714285714,1.0714285714285714,0.14285714285714285,6.642857142857143,0.35714285714285715,3.5714285714285716,1.6428571428571428,0.0,0.0,0.35714285714285715,1.0714285714285714,2.0714285714285716,0.5714285714285714,6.928571428571429,0.14285714285714285,0.5714285714285714,0.14285714285714285,1.0,1.7857142857142858,1.8571428571428572,0.6428571428571429,0.42857142857142855,2.2142857142857144,7.285714285714286,0.0,2.9285714285714284,0.6428571428571429,0.07142857142857142,1.0714285714285714,0.14285714285714285,1.6428571428571428,0.0,4.0,0.0,0.0,4.285714285714286,23.571428571428573,0.2857142857142857,0.6428571428571429,1.2142857142857142,0.07142857142857142,0.0,1.9285714285714286,0.35714285714285715,0.6428571428571429,2.0,0.42857142857142855,0.2857142857142857,0.0,0.14285714285714285,1.9285714285714286,0.0,0.07142857142857142,0.0,4.142857142857143
59,2.2560537199706676,10,8.5,0.0,13.5,0.0,7.25,6.25,0.5,0.0,2.25,18.25,3.75,0.5,23.25,1.25,12.5,5.75,0.0,0.0,1.25,3.75,7.25,2.0,24.5,0.5,2.0,0.5,3.75,6.25,6.5,2.25,1.5,7.75,25.5,0.0,10.25,2.75,0.25,3.75,0.5,5.75,0.0,14.75,0.0,0.0,15.75,83.5,1.0,2.25,4.25,0.25,0.0,6.75,1.25,2.25,7.0,1.5,1.0,0.0,0.5,6.75,0.0,0.25,0.0,14.5
60,1.458085876280008,15,3.5,0.0,5.4,0.0,2.9,2.6,0.2,0.0,0.9,7.5,1.5,0.2,9.4,0.5,5.1,2.3,0.0,0.0,0.5,1.5,3.1,0.8,10.0,0.2,0.8,0.2,1.5,2.5,2.6,1.0,0.6,3.2,10.6,0.0,4.3,1.2,0.1,1.5,0.3,2.4,0.0,6.1,0.0,0.0,6.4,34.0,0.4,0.9,1.8,0.1,0.0,2.8,0.5,0.9,2.9,0.6,0.4,0.0,0.2,2.7,0.0,0.1,0.0,5.8
61,3.1374200050518644,6,8.75,0.0,13.5,0.0,7.25,6.75,0.5,0.0,2.25,19.0,3.75,0.5,23.75,1.25,13.0,5.75,0.0,0.0,1.25,3.75,7.75,2.0,25.25,0.5,2.0,0.5,3.75,6.25,6.5,2.5,1.5,8.25,26.75,0.0,10.75,3.0,0.25,3.75,0.75,6.0,0.0,15.25,0.0,0.0,16.0,85.5,1.0,2.25,4.75,0.25,0.0,7.0,1.25,2.25,7.25,1.5,1.0,0.0,0.5,6.75,0.0,0.25,0.0,14.5
62,1.110475747806181,1,0,0,0,0,0,0,0,0,0,0,0,0,0,0,0,0,0,0,0,0,0,0,0,0,0,0,0,0,0,0,0,0,0,0,0,0,0,0,0,0,0,0,0,0,0,0,0,0,0,0,0,0,0,0,0,0,0,0,0,0,0,0,0,0
63,2.3499644335449554,23,2.0555555555555554,0.0,3.0555555555555554,0.0,1.6111111111111112,1.5,0.1111111111111111,0.0,0.5555555555555556,4.444444444444445,0.8333333333333334,0.1111111111111111,5.333333333333333,0.2777777777777778,3.0555555555555554,1.4444444444444444,0.0,0.0,0.2777777777777778,0.8333333333333334,1.8888888888888888,0.4444444444444444,5.777777777777778,0.1111111111111111,0.4444444444444444,0.1111111111111111,0.8888888888888888,1.3888888888888888,1.4444444444444444,0.5555555555555556,0.3333333333333333,1.8888888888888888,6.333333333333333,0.0,2.5,0.7222222222222222,0.05555555555555555,0.8333333333333334,0.16666666666666666,1.3888888888888888,0.0,3.5555555555555554,0.0,0.0,3.6666666666666665,19.72222222222222,0.2222222222222222,0.5,1.0555555555555556,0.05555555555555555,0.0,1.6666666666666667,0.3333333333333333,0.5,1.7222222222222223,0.3333333333333333,0.2222222222222222,0.0,0.1111111111111111,1.6666666666666667,0.0,0.05555555555555555,0.0,3.3333333333333335
64,1.6635197326868771,1,0,0,0,0,0,0,0,0,0,0,0,0,0,0,0,0,0,0,0,0,0,0,0,0,0,0,0,0,0,0,0,0,0,0,0,0,0,0,0,0,0,0,0,0,0,0,0,0,0,0,0,0,0,0,0,0,0,0,0,0,0,0,0,0
